customer_id,purchase_count
C993531L,1
C517907L,1
C875194L,1
C652751L,2
C597119L,1
C800136L,1
C479992L,2
C845061L,1
C452735L,1
C189144L,1
C149895L,2
C224183L,2
C907186L,5
C850251L,1
C637564L,1
C837608L,2
C191776L,2
C203544L,1
C706324L,2
C391618L,1
C556985L,1
C995184L,1
C615419L,1
C774952L,1
C536383L,1
C642425L,1
C532671L,1
C378684L,16
C215074L,12
C474741L,1
C897819L,1
C421614L,3
C191188L,3
C527055L,1
C297858L,1
C256446L,1
C398847L,1
C617766L,1
C752545L,1
C480851L,1
C444616L,3
C661647L,1
C441523L,2
C697369L,1
C350808L,2
C972737L,17
C373791L,1
C415016L,4
C830977L,7
C503615L,1
C483318L,1
C898759L,1
C811261L,1
C875936L,7
C172885L,4
C522216L,7
C471171L,1
C533639L,3
C956932L,1
C948604L,1
C314557L,1
C287848L,1
C867007L,2
C289850L,1
C301066L,1
C986058L,2
C969119L,3
C942480L,1
C607344L,2
C822607L,1
C670896L,1
C188809L,3
C517976L,3
C872920L,8
C363466L,7
C467527L,1
C598984L,1
C574874L,1
C959097L,1
C500105L,1
C331049L,1
C382868L,11
C202398L,1
C398810L,1
C358152L,1
C950218L,2
C723722L,1
C994857L,1
C998847L,2
C504512L,1
C872421L,2
C629570L,1
C441685L,1
C485693L,3
C479492L,2
C385646L,1
C163688L,1
C404192L,3
C954117L,1
C738648L,1
C477890L,1
C901131L,6
C694728L,1
C717684L,1
C698317L,11
C621738L,1
C551481L,3
C504588L,1
C992621L,14
C541932L,2
C344377L,1
C727494L,1
C116160L,1
C471753L,1
C865334L,2
C274456L,1
C357173L,1
C531952L,1
C247150L,1
C469380L,1
C330571L,1
C600944L,1
C553551L,1
C994467L,8
C522805L,1
C698097L,4
C511061L,1
C296709L,1
C725701L,1
C805055L,1
C331978L,1
C683691L,7
C807422L,1
C413128L,1
C880014L,1
C359839L,1
C491779L,2
C248634L,1
C206125L,1
C399241L,1
C810568L,1
C964914L,1
C299472L,2
C531871L,1
C306006L,1
C270876L,1
C404912L,4
C986391L,2
C974256L,1
C476999L,1
C411258L,1
C310022L,1
C904633L,1
C500989L,5
C501323L,1
C741634L,20
C985957L,1
C134052L,1
C374672L,33
C594573L,1
C525405L,10
C432189L,1
C321785L,1
C978527L,7
C241633L,1
C229632L,1
C821190L,1
C489601L,1
C881612L,1
C136019L,1
C855607L,1
C900833L,1
C242231L,6
C563598L,1
C902445L,1
C136210L,6
C676393L,6
C574921L,3
C601525L,1
C573345L,3
C699837L,2
C560607L,1
C146794L,1
C249412L,1
C975490L,1
C162721L,16
C275052L,1
C188448L,1
C132488L,4
C244068L,1
C652874L,1
C847874L,1
C618204L,1
C693323L,1
C451335L,1
C506838L,2
C291014L,1
C780898L,2
C334571L,3
C487528L,3
C290251L,1
C655017L,1
C143245L,2
C118563L,2
C559026L,1
C314803L,3
C587254L,1
C766077L,1
C591135L,1
C412936L,8
C714340L,1
C255099L,1
C687663L,1
C111808L,1
C414907L,3
C729711L,2
C635495L,1
C949083L,5
C458563L,1
C312529L,2
C985612L,1
C531144L,1
C995583L,1
C142435L,1
C407736L,1
C479915L,1
C398448L,1
C853448L,1
C273843L,1
C862619L,1
C560369L,1
C268365L,1
C499919L,1
C836000L,1
C564260L,2
C838657L,5
C128765L,1
C508330L,1
C160662L,1
C547048L,3
C196682L,1
C942292L,2
C395899L,1
C156665L,2
C539850L,1
C527307L,4
C165124L,1
C574758L,1
C220911L,1
C117901L,1
C565100L,1
C513311L,1
C506825L,1
C115342L,1
C596112L,1
C943785L,1
C188782L,1
C210105L,2
C813497L,3
C893754L,7
C283740L,1
C220767L,1
C573426L,1
C322598L,1
C388719L,1
C922780L,1
C118268L,2
C757268L,1
C923141L,1
C995819L,5
C422171L,2
C481492L,1
C671834L,1
C193256L,1
C782890L,1
C354051L,1
C869172L,27
C904399L,1
C177455L,2
C122065L,1
C864263L,1
C862302L,1
C174885L,1
C298804L,1
C145587L,1
C848774L,1
C561770L,1
C861468L,2
C332643L,1
C780258L,1
C665146L,1
C413469L,2
C200115L,15
C530632L,2
C671304L,1
C767192L,1
C326415L,1
C349467L,1
C637883L,1
C143396L,1
C976890L,2
C935068L,1
C563862L,1
C899610L,3
C507015L,2
C654029L,3
C943932L,1
C501840L,6
C835970L,6
C976390L,1
C603530L,4
C370534L,2
C260117L,1
C790722L,2
C256400L,1
C330641L,1
C137982L,2
C773779L,10
C293590L,1
C571352L,1
C765760L,1
C264319L,1
C419203L,1
C361493L,1
C170264L,1
C271135L,1
C516599L,1
C581597L,1
C744728L,1
C881387L,1
C784177L,1
C896308L,1
C627638L,1
C866250L,1
C139855L,6
C333379L,2
C781213L,12
C975259L,2
C852181L,1
C640667L,2
C854145L,1
C814229L,9
C699058L,1
C765319L,1
C550002L,1
C880300L,1
C513701L,1
C682985L,1
C546754L,1
C383629L,1
C833283L,1
C758391L,1
C978790L,1
C551324L,2
C817637L,1
C371890L,1
C196853L,1
C989951L,2
C185914L,1
C707264L,1
C854773L,1
C319814L,2
C296844L,1
C735415L,1
C908781L,1
C774989L,2
C143684L,4
C150198L,1
C864410L,3
C675024L,5
C125637L,1
C192846L,1
C508430L,1
C959285L,1
C139143L,1
C924458L,7
C787119L,1
C717559L,2
C817964L,2
C536852L,2
C191766L,4
C555245L,1
C547681L,1
C572388L,1
C813380L,1
C490081L,1
C652012L,1
C967540L,1
C444944L,1
C157329L,1
C394076L,1
C233836L,1
C434751L,1
C634209L,1
C594887L,1
C288152L,3
C401539L,1
C531212L,2
C137539L,1
C312237L,1
C816600L,2
C549342L,1
C615063L,1
C578429L,1
C284309L,1
C927076L,1
C521295L,1
C271561L,1
C934224L,2
C147249L,1
C954660L,1
C844272L,1
C485651L,1
C776499L,1
C969315L,1
C465263L,1
C835137L,1
C812535L,2
C298284L,1
C211322L,1
C468516L,1
C625201L,2
C829183L,6
C283375L,1
C263110L,2
C673068L,1
C287376L,3
C114466L,1
C244786L,1
C508126L,1
C823301L,1
C347731L,1
C359997L,1
C928110L,2
C351587L,3
C685666L,1
C437385L,1
C491883L,1
C186576L,1
C414678L,1
C578872L,1
C577018L,1
C358631L,1
C822217L,1
C696203L,1
C879647L,1
C766565L,1
C499813L,1
C772704L,1
C214255L,1
C814366L,1
C406406L,1
C292536L,2
C210771L,1
C855079L,1
C724582L,1
C749236L,1
C985354L,3
C203164L,5
C713972L,2
C635740L,1
C664685L,1
C623394L,1
C595698L,1
C362236L,1
C136681L,3
C139135L,3
C279368L,1
C249867L,1
C492850L,3
C970497L,2
C796218L,1
C360501L,1
C460493L,1
C537394L,1
C290034L,1
C902805L,1
C579215L,2
C702427L,1
C881371L,2
C166968L,4
C348449L,1
C430739L,2
C240208L,2
C661506L,1
C986837L,1
C535715L,1
C930868L,1
C724228L,1
C816773L,2
C179670L,1
C216058L,1
C736562L,1
C789047L,5
C436261L,5
C700565L,2
C638038L,1
C983543L,1
C461382L,1
C385750L,1
C841181L,1
C756592L,3
C713431L,1
C729877L,1
C311438L,1
C890155L,1
C279591L,1
C314395L,1
C353508L,1
C569230L,2
C965864L,1
C770029L,5
C399878L,1
C355658L,1
C318908L,1
C599590L,1
C666340L,1
C749562L,1
C824224L,1
C150653L,2
C331662L,1
C825216L,1
C446421L,1
C364393L,2
C120985L,5
C848074L,1
C365826L,1
C741725L,1
C738725L,12
C184584L,1
C913874L,1
C871391L,2
C822661L,1
C618173L,1
C575719L,1
C329062L,3
C423334L,1
C159766L,1
C276832L,1
C371126L,1
C226430L,2
C835857L,1
C326720L,1
C492939L,1
C512759L,3
C400500L,1
C605459L,1
C957057L,1
C491662L,1
C324312L,3
C451013L,1
C617555L,1
C930191L,1
C589584L,1
C732924L,1
C417601L,1
C733350L,1
C958287L,6
C598721L,2
C821363L,1
C890940L,3
C560166L,1
C819397L,1
C130909L,1
C137528L,1
C319070L,3
C120003L,1
C111795L,2
C949094L,1
C363012L,3
C576952L,5
C788999L,1
C954205L,2
C839755L,1
C854213L,1
C601425L,2
C317259L,1
C305250L,1
C573259L,1
C383753L,1
C542963L,1
C143092L,1
C901892L,1
C417708L,3
C715033L,1
C390206L,7
C822231L,1
C359917L,1
C679223L,1
C307257L,1
C504001L,1
C954151L,1
C278051L,1
C310610L,1
C612558L,1
C755258L,1
C181436L,1
C544122L,1
C440667L,1
C960523L,1
C827455L,1
C389017L,1
C661635L,1
C915506L,1
C176721L,1
C660512L,1
C520646L,1
C534632L,2
C197222L,1
C727522L,1
C457096L,1
C285417L,1
C690107L,1
C854263L,1
C820507L,1
C624203L,1
C783608L,1
C890087L,1
C796103L,1
C609754L,1
C192570L,1
C403187L,2
C831683L,4
C620483L,1
C865561L,1
C933998L,1
C910180L,2
C572081L,1
C519112L,1
C636068L,1
C277620L,1
C468569L,3
C304951L,1
C455218L,1
C137305L,2
C416181L,2
C461801L,4
C331799L,4
C725037L,1
C271531L,1
C191638L,2
C927548L,1
C916513L,1
C794879L,1
C324155L,1
C341015L,2
C735239L,2
C488014L,1
C637337L,1
C796146L,1
C684080L,1
C877494L,1
C547456L,1
C388087L,1
C254812L,1
C487094L,3
C494548L,1
C874059L,1
C263041L,2
C892614L,1
C185779L,1
C117017L,1
C483469L,4
C740131L,1
C586717L,1
C342990L,1
C214095L,1
C872183L,1
C354503L,2
C663962L,1
C225454L,1
C910919L,2
C225547L,1
C823189L,4
C858876L,1
C795919L,1
C712908L,4
C885913L,1
C802541L,2
C340278L,1
C388058L,1
C888995L,1
C615777L,1
C419070L,1
C554024L,1
C874790L,1
C568016L,1
C269004L,1
C933480L,1
C115338L,1
C685409L,1
C922717L,1
C764276L,1
C832050L,1
C144871L,1
C520362L,1
C529046L,5
C656580L,1
C309355L,1
C213152L,1
C508405L,1
C418738L,1
C549188L,3
C893893L,1
C719440L,1
C221844L,1
C245316L,2
C153551L,1
C174413L,1
C631361L,7
C738812L,1
C795284L,1
C838641L,1
C588523L,1
C435496L,1
C813690L,1
C215643L,1
C459460L,1
C692085L,2
C568231L,1
C438548L,1
C939411L,1
C880315L,1
C998017L,2
C700491L,1
C904890L,1
C775266L,1
C508875L,1
C581735L,1
C646589L,1
C339498L,2
C305030L,1
C451930L,1
C915214L,1
C421020L,1
C205273L,1
C610206L,1
C839869L,1
C877022L,1
C517770L,1
C919468L,1
C266788L,1
C344605L,1
C269011L,1
C813361L,2
C289646L,1
C483017L,1
C342926L,2
C631417L,2
C365512L,1
C824913L,1
C848357L,3
C317777L,1
C368601L,1
C697826L,1
C504884L,1
C357709L,2
C349980L,3
C326061L,1
C287400L,1
C861782L,2
C640730L,1
C781591L,1
C649308L,1
C825085L,1
C799285L,1
C653936L,1
C249528L,1
C681745L,1
C794985L,1
C787211L,1
C680487L,3
C157544L,6
C740296L,1
C414773L,1
C416727L,1
C410720L,1
C790632L,1
C338436L,1
C817349L,2
C615304L,1
C442477L,1
C715327L,1
C562441L,1
C367884L,1
C183259L,1
C887786L,1
C351531L,2
C605914L,1
C145727L,3
C587850L,1
C770531L,1
C481253L,5
C934566L,1
C795566L,1
C505120L,1
C178509L,2
C289178L,2
C500995L,1
C480341L,1
C738903L,1
C543214L,1
C552222L,1
C171667L,1
C602850L,1
C292043L,1
C854979L,1
C858616L,1
C527600L,1
C611777L,1
C483534L,1
C660912L,1
C446430L,1
C470268L,2
C283648L,4
C297159L,1
C717221L,3
C495676L,1
C434159L,1
C766365L,1
C987789L,1
C493539L,1
C839319L,1
C510095L,1
C175290L,1
C786292L,1
C268849L,1
C499796L,1
C585116L,1
C623160L,2
C253252L,1
C446527L,2
C843167L,1
C478613L,3
C269751L,1
C394285L,1
C690725L,1
C961402L,1
C536052L,1
C455011L,1
C864684L,1
C374186L,1
C368658L,1
C191168L,1
C574804L,1
C628603L,1
C218482L,1
C635505L,1
C635713L,1
C371659L,1
C270275L,1
C976222L,1
C246788L,1
C403379L,1
C272151L,1
C242882L,3
C798016L,2
C388303L,1
C409050L,1
C197331L,1
C253957L,1
C679812L,1
C303681L,1
C150251L,1
C874438L,1
C974881L,2
C306430L,1
C594854L,1
C318081L,1
C544288L,1
C434444L,2
C849740L,2
C363969L,2
C115129L,1
C301616L,4
C300966L,1
C678301L,1
C788509L,2
C634098L,1
C577894L,1
C439929L,2
C251997L,2
C972704L,2
C844769L,1
C213587L,3
C875032L,1
C427430L,1
C595892L,1
C120098L,1
C925840L,1
C415413L,1
C603902L,1
C887845L,4
C448722L,1
C792683L,3
C139500L,1
C908967L,2
C592059L,1
C937948L,2
C529160L,1
C975587L,5
C325626L,1
C755472L,1
C198991L,1
C618250L,1
C454160L,1
C803642L,1
C510277L,1
C683002L,2
C454810L,1
C527463L,1
C788348L,1
C391465L,1
C815290L,1
C528351L,1
C596609L,1
C839720L,1
C642541L,1
C840840L,1
C885565L,1
C711147L,1
C647809L,1
C275787L,1
C988571L,2
C779932L,1
C816576L,1
C979209L,1
C826722L,1
C140278L,1
C734683L,1
C863131L,1
C148834L,1
C337702L,1
C179018L,1
C882579L,1
C936258L,1
C757915L,2
C119187L,1
C761708L,1
C249842L,1
C259981L,4
C459720L,2
C350955L,1
C460487L,1
C453519L,1
C319615L,1
C634136L,1
C352856L,1
C761017L,1
C599976L,1
C545786L,1
C214165L,1
C993688L,1
C477884L,3
C378820L,1
C295679L,1
C732052L,1
C990535L,1
C409981L,1
C670300L,1
C711954L,2
C676102L,1
C887442L,1
C248585L,1
C353221L,1
C309247L,1
C189692L,1
C432478L,1
C315052L,2
C231714L,2
C465936L,1
C157094L,1
C283866L,1
C976932L,1
C686513L,1
C232704L,1
C709590L,1
C817363L,1
C710076L,1
C362779L,1
C766353L,2
C768131L,1
C902626L,1
C868076L,1
C572593L,1
C280043L,2
C711453L,1
C628207L,2
C623835L,1
C551986L,1
C951338L,1
C268356L,1
C479569L,1
C456367L,1
C837241L,1
C686342L,1
C951682L,2
C333743L,3
C589485L,1
C306772L,1
C366574L,1
C500766L,3
C265593L,1
C962021L,1
C120526L,1
C336822L,1
C474287L,1
C130061L,1
C186133L,1
C287945L,2
C626607L,1
C807888L,1
C558351L,1
C269025L,1
C701923L,1
C689062L,1
C457649L,1
C749547L,1
C720917L,2
C764741L,2
C313927L,1
C535886L,1
C495308L,1
C791179L,1
C836966L,1
C439080L,1
C964079L,1
C673426L,1
C162016L,1
C765777L,1
C919222L,1
C133603L,1
C730593L,1
C844500L,1
C499098L,1
C119394L,1
C751410L,2
C445624L,1
C317976L,2
C471304L,1
C214179L,2
C512943L,1
C963796L,1
C449730L,1
C256469L,1
C749600L,1
C752594L,1
C413047L,1
C534503L,1
C856545L,1
C668516L,1
C423666L,1
C575072L,1
C228285L,1
C179537L,1
C928388L,1
C579948L,1
C194353L,2
C475783L,1
C890492L,1
C907159L,1
C177400L,1
C844249L,3
C363835L,1
C253783L,1
C354444L,3
C317326L,1
C266766L,1
C954904L,2
C637916L,1
C887176L,1
C631140L,1
C875125L,1
C329226L,1
C922671L,1
C653797L,1
C809015L,1
C565920L,3
C689707L,1
C455662L,1
C170228L,1
C469190L,2
C267349L,1
C371644L,1
C206078L,1
C196720L,4
C650769L,1
C197481L,1
C438658L,1
C943435L,1
C678807L,1
C993898L,1
C520887L,2
C888130L,1
C984747L,1
C194982L,1
C134158L,1
C149990L,1
C815278L,1
C660544L,1
C421319L,1
C642828L,2
C650820L,5
C489513L,1
C431390L,4
C533914L,1
C424876L,1
C671684L,1
C329646L,1
C681607L,1
C380601L,1
C356780L,1
C986196L,1
C219848L,2
C465666L,1
C274332L,1
C558736L,2
C144215L,1
C641308L,1
C432709L,3
C529841L,1
C641048L,1
C813665L,2
C289852L,1
C715337L,1
C205341L,1
C913774L,1
C930543L,1
C164603L,1
C517688L,1
C846030L,1
C278469L,1
C130579L,1
C707750L,1
C324759L,1
C183230L,2
C920427L,1
C629303L,4
C221826L,1
C935913L,1
C384466L,2
C780754L,1
C575920L,3
C978558L,1
C791059L,1
C865882L,1
C849015L,1
C905299L,1
C133315L,1
C771189L,1
C862736L,1
C393272L,1
C560023L,1
C781710L,1
C636267L,1
C983849L,1
C251748L,1
C934459L,1
C224765L,1
C355869L,2
C594441L,1
C210337L,1
C937356L,1
C259517L,1
C622272L,1
C202773L,3
C370584L,1
C643176L,1
C857523L,1
C658753L,1
C373286L,1
C913727L,1
C832673L,1
C683241L,1
C150235L,1
C745528L,1
C719704L,1
C413769L,1
C145094L,1
C247380L,1
C325659L,4
C238230L,2
C818619L,1
C317585L,1
C308797L,1
C958358L,1
C287258L,1
C799927L,1
C654926L,1
C265629L,1
C788957L,1
C884094L,1
C421236L,1
C168098L,1
C128626L,1
C466867L,1
C298406L,2
C127144L,1
C212002L,1
C157342L,1
C336752L,2
C823922L,1
C738762L,1
C593574L,1
C775669L,1
C667729L,2
C415068L,1
C846752L,1
C932085L,2
C734229L,1
C649227L,1
C539086L,1
C135084L,1
C452564L,1
C444739L,1
C600915L,1
C655824L,1
C249483L,1
C678059L,1
C144554L,1
C169465L,1
C908803L,1
C299714L,1
C186186L,1
C585651L,1
C266750L,1
C418656L,1
C187532L,1
C367865L,1
C731348L,1
C145580L,1
C921228L,1
C527720L,1
C677243L,1
C923240L,1
C683325L,1
C931263L,1
C599812L,1
C877563L,2
C862596L,1
C182986L,3
C168992L,1
C450606L,2
C687298L,1
C872680L,1
C630030L,1
C420781L,1
C410131L,1
C246740L,1
C504457L,1
C919265L,1
C305124L,1
C234415L,2
C657376L,1
C821812L,3
C440383L,1
C318338L,1
C505505L,1
C851879L,1
C849054L,1
C849967L,2
C616555L,1
C505171L,1
C886643L,1
C761925L,1
C970510L,1
C119857L,2
C265794L,1
C268664L,1
C584267L,1
C851854L,1
C460610L,1
C343220L,2
C828137L,1
C449403L,1
C612225L,1
C439027L,1
C886226L,1
C654478L,1
C485142L,1
C374256L,1
C130469L,1
C809453L,1
C678154L,1
C239518L,1
C787582L,2
C122312L,1
C413943L,1
C814555L,3
C866418L,1
C514596L,1
C557641L,1
C672573L,1
C940154L,1
C597836L,1
C715899L,1
C614531L,1
C733738L,1
C229988L,2
C746446L,1
C264023L,1
C749538L,1
C761951L,1
C134876L,1
C909857L,1
C245245L,1
C812198L,1
C357056L,1
C925922L,1
C261068L,1
C114766L,1
C180092L,1
C588309L,1
C939704L,1
C220203L,1
C513353L,1
C448063L,1
C382393L,1
C352171L,1
C591890L,2
C177534L,1
C925101L,2
C415752L,1
C455118L,1
C923763L,1
C577641L,3
C368617L,1
C502254L,2
C621459L,1
C967906L,1
C530076L,1
C278206L,1
C383377L,1
C576524L,1
C275380L,1
C158331L,1
C593294L,1
C402794L,1
C298129L,2
C860548L,1
C563099L,1
C944877L,1
C566964L,1
C524286L,1
C225403L,1
C431005L,1
C210865L,1
C146204L,1
C929625L,1
C260177L,1
C674696L,1
C130483L,1
C995774L,1
C247409L,1
C870920L,1
C378624L,1
C129183L,1
C376735L,1
C318171L,1
C954865L,1
C195614L,1
C735207L,1
C433008L,1
C801359L,1
C815209L,1
C890814L,1
C712686L,1
C107850L,1
C827330L,2
C684498L,1
C284729L,1
C127207L,1
C567297L,1
C785729L,1
C356931L,1
C987729L,1
C360250L,1
C457308L,1
C475398L,1
C222231L,1
C169455L,1
C630744L,1
C818621L,1
C737801L,1
C548863L,1
C190902L,1
C426604L,2
C302804L,1
C514321L,1
C696271L,1
C112088L,1
C331075L,1
C194239L,2
C763658L,1
C695771L,1
C190131L,1
C330163L,1
C987822L,1
C862888L,1
C745297L,1
C375799L,1
C546010L,1
C593068L,1
C815084L,1
C170700L,1
C996508L,3
C900615L,1
C682272L,1
C560000L,1
C486028L,1
C606851L,1
C170618L,1
C303166L,1
C643275L,1
C975919L,1
C615032L,1
C900279L,1
C966491L,1
C360295L,1
C725830L,1
C506255L,1
C696066L,1
C795594L,1
C516304L,1
C293646L,1
C208711L,1
C906123L,1
C630762L,1
C551297L,1
C803978L,3
C566454L,1
C290414L,1
C219599L,1
C773013L,1
C800800L,1
C763228L,1
C781833L,1
C491588L,1
C207995L,1
C690363L,1
C834363L,1
C126124L,1
C441893L,1
C388624L,1
C505515L,1
C402221L,1
C607972L,1
C241052L,1
C264899L,1
C935534L,2
C917760L,1
C724168L,1
C738195L,1
C141629L,2
C338431L,1
C794312L,1
C113061L,3
C242250L,1
C831157L,1
C157296L,2
C765490L,1
C570200L,1
C902080L,1
C300246L,1
C127471L,1
C538751L,2
C962578L,2
C606674L,1
C693125L,1
C323025L,1
C624297L,1
C724475L,1
C123638L,1
C639248L,1
C912151L,1
C903814L,1
C645817L,1
C702867L,1
C156959L,1
C534714L,1
C124053L,2
C308277L,1
C464051L,1
C949390L,1
C749092L,1
C201138L,1
C796755L,1
C185112L,1
C460966L,1
C883602L,1
C762827L,1
C831192L,1
C305512L,1
C546633L,1
C209998L,1
C171924L,1
C297208L,1
C115470L,1
C488123L,1
C371673L,1
C478438L,1
C397885L,1
C937928L,1
C954482L,1
C700804L,1
C931525L,1
C623383L,1
C838592L,1
C504943L,2
C795052L,1
C983372L,1
C318689L,1
C874037L,1
C146757L,1
C402823L,1
C576787L,1
C304632L,1
C339508L,1
C307564L,1
C218616L,2
C461943L,1
C928680L,1
C176299L,1
C779761L,1
C738783L,1
C443586L,1
C751652L,1
C334923L,1
C859598L,1
C499993L,1
C514998L,1
C382290L,1
C225030L,1
C248407L,1
C913601L,1
C904287L,1
C837617L,1
C617369L,1
C216573L,1
C546814L,1
C127476L,1
C890308L,1
C417461L,1
C325107L,1
C541864L,1
C176332L,1
C338216L,1
C118559L,1
C610917L,1
C862094L,1
C955805L,1
C307555L,1
C890325L,1
C137924L,1
C922594L,3
C284236L,1
C973894L,1
C795882L,1
C534934L,1
C263640L,1
C910506L,1
C533158L,1
C180988L,1
C307395L,1
C983438L,2
C690627L,1
C742231L,1
C832040L,2
C900381L,1
C205939L,1
C617345L,2
C894573L,1
C875187L,1
C536359L,1
C435250L,1
C360986L,1
C174427L,1
C469416L,1
C203778L,1
C863732L,1
C148697L,1
C201512L,1
C128520L,1
C174328L,1
C693637L,1
C131997L,1
C375089L,2
C475876L,1
C873465L,1
C340065L,1
C867913L,1
C403740L,1
C297572L,1
C203840L,1
C268503L,1
C674489L,1
C589059L,1
C791660L,1
C956206L,1
C437043L,1
C404107L,1
C373784L,1
C152073L,1
C337705L,1
C888281L,1
C955201L,1
C688087L,1
C667533L,1
C409862L,1
C618216L,2
C520835L,1
C709206L,1
C937189L,1
C714630L,1
C969977L,1
C297614L,1
C927175L,1
C241302L,1
C227184L,1
C354134L,1
C435019L,1
C501549L,1
C120606L,1
C876359L,1
C738655L,1
C375470L,1
C976924L,2
C309123L,2
C694063L,1
C822501L,1
C439980L,1
C575975L,1
C904928L,1
C812812L,2
C914122L,1
C820267L,1
C905217L,1
C175120L,1
C641017L,1
C768693L,2
C286514L,1
C638447L,1
C708585L,1
C203955L,1
C182760L,1
C400722L,1
C493263L,1
C498022L,1
C355709L,1
C944560L,1
C562634L,1
C224432L,1
C634745L,1
C373264L,1
C516220L,1
C115461L,1
C630421L,1
C180508L,1
C878727L,1
C590925L,1
C825985L,1
C284316L,1
C325445L,1
C117628L,1
C451523L,3
C736100L,1
C174527L,1
C418081L,1
C698745L,1
C607754L,1
C317311L,1
C322236L,1
C837518L,1
C220760L,1
C880722L,1
C624232L,1
C175409L,1
C867333L,3
C364237L,1
C813440L,1
C448709L,1
C115156L,1
C510816L,1
C728469L,1
C194983L,1
C541149L,1
C746876L,1
C640198L,1
C878882L,1
C521935L,2
C556363L,1
C198678L,1
C688480L,1
C558438L,1
C959549L,1
C650707L,3
C970697L,1
C365124L,1
C487004L,2
C330342L,1
C373144L,1
C759150L,1
C949082L,1
C899192L,3
C774677L,2
C452344L,1
C912380L,1
C824977L,1
C782899L,1
C759123L,1
C381049L,1
C243874L,1
C754495L,1
C791023L,2
C617057L,1
C301035L,1
C119869L,1
C830769L,1
C943270L,2
C316209L,1
C850185L,1
C867930L,1
C539859L,1
C221220L,1
C898427L,1
C875920L,1
C360482L,2
C114871L,1
C175302L,1
C587425L,1
C419677L,1
C316366L,1
C724832L,1
C805381L,5
C200057L,1
C758455L,1
C548952L,1
C129799L,1
C914542L,1
C540389L,1
C678763L,1
C826850L,1
C927765L,1
C196161L,1
C503253L,1
C978166L,1
C901597L,1
C841484L,1
C387425L,1
C606496L,1
C123513L,1
C549364L,1
C308989L,1
C393377L,1
C325085L,1
C898579L,1
C427924L,1
C678332L,1
C880398L,1
C915276L,1
C744182L,1
C556889L,1
C812323L,1
C655655L,1
C816599L,1
C902927L,1
C643883L,1
C504470L,1
C297051L,1
C325171L,1
C242838L,1
C644653L,1
C317146L,1
C999472L,1
C597660L,1
C206269L,2
C543153L,1
C287856L,1
C182622L,1
C228470L,1
C544448L,1
C804461L,1
C413190L,1
C678199L,1
C932357L,1
C553296L,1
C517438L,1
C724390L,1
C240527L,1
C824683L,1
C313534L,1
C471143L,1
C539377L,1
C110122L,1
C265450L,1
C807679L,1
C878612L,1
C394968L,1
C425404L,1
C598964L,1
C285749L,1
C141121L,1
C628392L,1
C936078L,1
C993996L,1
C647975L,1
C626822L,1
C952100L,1
C180595L,1
C826406L,1
C729143L,1
C749653L,1
C692439L,1
C658999L,1
C943127L,1
C164598L,1
C603038L,1
C652463L,1
C886812L,1
C818315L,1
C982843L,1
C137118L,1
C735964L,1
C387663L,1
C430862L,1
C860359L,1
C868361L,1
C678257L,1
C444189L,1
C932834L,1
C509831L,1
C466135L,1
C863590L,1
C116575L,1
C373284L,1
C937013L,1
C610215L,1
C536377L,1
C257393L,1
C837184L,1
C853288L,2
C254201L,1
C389857L,1
C606418L,1
C926482L,1
C259307L,2
C426132L,1
C331122L,1
C741034L,1
C827569L,1
C253008L,1
C934101L,1
C335101L,1
C405274L,1
C779296L,1
C451085L,2
C944941L,1
C869608L,1
C415003L,1
C955247L,1
C113448L,1
C670306L,1
C242737L,1
C894815L,1
C831560L,1
C732158L,1
C266463L,1
C836809L,1
C923683L,1
C885445L,1
C791372L,1
C816287L,1
C979878L,1
C360321L,1
C934098L,1
C575300L,1
C377576L,1
C132041L,2
C969588L,1
C499767L,1
C559933L,1
C566330L,1
C563295L,1
C601204L,1
C452972L,1
C192819L,1
C240853L,1
C327217L,1
C737717L,1
C440374L,1
C245955L,1
C461689L,1
C462915L,1
C875408L,1
C782569L,1
C475080L,1
C129961L,1
C951902L,1
C353600L,2
C275774L,1
C280189L,1
C663429L,1
C950477L,1
C892839L,1
C423193L,1
C561993L,2
C249751L,1
C981321L,1
C430651L,1
C827195L,1
C243149L,1
C375865L,1
C969725L,1
C811645L,1
C349727L,1
C662698L,1
C622883L,1
C702521L,1
C680109L,1
C784312L,1
C893408L,1
C405772L,1
C821685L,1
C355357L,1
C584050L,1
C131864L,1
C496529L,1
C638768L,1
C862627L,1
C613878L,1
C555980L,1
C370936L,1
C811269L,1
C626266L,1
C170689L,1
C899603L,1
C437231L,1
C140374L,1
C732178L,1
C843559L,1
C655359L,1
C600018L,2
C313446L,1
C382697L,1
C220405L,1
C866259L,1
C321679L,1
C608133L,1
C454802L,1
C742109L,1
C560133L,1
C619834L,1
C217289L,1
C175928L,1
C168876L,1
C675106L,1
C516821L,1
C806822L,1
C911481L,1
C849804L,1
C654626L,1
C132219L,1
C486123L,1
C688872L,1
C870613L,1
C287698L,1
C652064L,1
C304965L,1
C158367L,1
C424077L,1
C432990L,1
C656885L,1
C390635L,1
C628905L,1
C855073L,1
C302826L,1
C515694L,1
C543271L,1
C549224L,1
C686567L,1
C727310L,1
C610335L,1
C883838L,1
C968454L,1
C361787L,1
C219387L,1
C313074L,1
C300950L,1
C181565L,1
C164454L,1
C552065L,1
C901601L,1
C242911L,1
C236137L,2
C494613L,1
C399101L,2
C333874L,1
C621610L,1
C327170L,1
C800316L,1
C140964L,1
C714613L,1
C681808L,1
C411376L,1
C186002L,1
C824945L,1
C693415L,1
C356966L,1
C924660L,2
C887703L,1
C665419L,1
C653890L,1
C966663L,1
C552927L,1
C539168L,1
C263063L,1
C499302L,1
C773860L,1
C560959L,1
C252035L,1
C254504L,1
C787008L,1
C538697L,1
C336567L,1
C525578L,1
C900524L,1
C533504L,1
C222341L,1
C807487L,1
C513079L,1
C169476L,1
C566168L,1
C555148L,1
C543805L,1
C199971L,1
C708473L,1
C415262L,2
C438206L,1
C296643L,1
C509242L,1
C315164L,1
C438910L,1
C303491L,1
C871045L,1
C818119L,1
C701690L,1
C749915L,1
C992994L,1
C214771L,1
C261226L,1
C570821L,1
C697518L,1
C362244L,1
C228751L,1
C269732L,1
C790783L,1
C559107L,1
C998826L,1
C154448L,1
C817633L,1
C272818L,1
C856647L,1
C802022L,1
C138865L,1
C262851L,1
C141366L,1
C288695L,1
C958375L,1
C735448L,1
C516797L,1
C555478L,1
C930724L,1
C302068L,1
C221318L,2
C916534L,1
C628245L,1
C327193L,1
C299981L,1
C601564L,1
C763177L,1
C787096L,1
C538976L,1
C339933L,1
C835751L,1
C495199L,1
C362680L,1
C377488L,1
C732517L,1
C130292L,1
C950260L,1
C420873L,1
C466208L,1
C516284L,1
C776042L,1
C543751L,1
C685247L,1
C153430L,1
C804277L,1
C386328L,1
C665170L,1
C261650L,1
C118321L,1
C522507L,1
C838910L,1
C200120L,1
C671880L,3
C926914L,1
C356347L,1
C134982L,1
C231527L,1
C383266L,1
C927578L,1
C167482L,1
C559720L,1
C395575L,1
C257349L,1
C438346L,1
C447712L,1
C304906L,1
C744751L,1
C876106L,1
C580039L,1
C380765L,1
C331164L,1
C482397L,1
C910877L,1
C367827L,1
C827470L,1
C282103L,1
C306419L,1
C276022L,1
C440306L,1
C739066L,1
C418606L,1
C955474L,1
C661990L,1
C840493L,1
C491806L,1
C185073L,1
C522289L,1
C353808L,1
C657141L,1
C668230L,1
C352450L,1
C355195L,1
C728795L,1
C949560L,1
C396511L,1
C263693L,1
C280961L,1
C675127L,1
C510154L,1
C716226L,1
C691189L,1
C379450L,1
C159556L,1
C552458L,1
C990726L,1
C706912L,1
C867277L,1
C994155L,1
C234358L,1
C822619L,1
C917631L,2
C887896L,1
C193600L,1
C607220L,1
C763103L,1
C572270L,1
C774835L,1
C163269L,1
C386951L,1
C187290L,1
C464900L,1
C870086L,1
C765928L,1
C799968L,1
C507691L,1
C364511L,1
C713963L,1
C636477L,1
C240610L,1
C910116L,1
C966450L,1
C527232L,1
C653993L,1
C536378L,1
C588962L,1
C347383L,1
C620104L,1
C664917L,1
C862535L,1
C713425L,1
C811149L,1
C203175L,1
C421227L,1
C917797L,1
C423010L,1
C666013L,1
C291019L,1
C718522L,1
C562870L,1
C519036L,1
C119111L,1
C682296L,1
C127916L,1
C806991L,1
C427154L,1
C341700L,1
C557586L,1
C533294L,1
C780297L,1
C712032L,1
C823087L,1
C866995L,1
C493516L,1
C803470L,1
C940603L,1
C670878L,1
C127184L,1
C208006L,1
C134413L,1
C867922L,1
C873482L,1
C871706L,1
C299959L,1
C533080L,1
C713173L,1
C781599L,1
C498440L,1
C945602L,1
C675039L,1
C123091L,1
C632012L,1
C653565L,1
C279241L,1
C866875L,1
C340781L,1
C238651L,1
C532480L,1
C337184L,1
C579669L,1
C506457L,1
C778477L,1
C953757L,1
C430127L,1
C509023L,1
C350869L,1
C359192L,1
C840288L,1
C160389L,1
C653184L,1
C883317L,1
C562005L,1
C535620L,1
C165178L,1
C171592L,1
C247649L,1
C248905L,1
C899734L,1
C911330L,1
C168628L,1
C616920L,1
C312859L,1
C127811L,1
C940970L,1
C795657L,1
C374285L,1
C755329L,1
C824702L,1
C518179L,1
C363738L,1
C693623L,1
C746973L,1
C242328L,1
C613601L,1
C751424L,1
C246762L,1
C263339L,1
C287024L,1
C433996L,1
C747623L,1
C869011L,1
C191359L,1
C992247L,1
C182772L,1
C711121L,1
C469738L,1
C189126L,1
C540855L,1
C370700L,1
C322065L,1
C778147L,1
C295434L,1
C489717L,1
C189167L,1
C139066L,1
C606338L,1
C987678L,1
C174733L,1
C914093L,1
C178431L,1
C515315L,1
C996869L,1
C961302L,1
C667472L,1
C262624L,1
C936402L,1
C903849L,1
C232406L,2
C289731L,1
C523551L,1
C414142L,1
C816989L,1
C650808L,1
C892699L,1
C354470L,1
C235587L,1
C127081L,1
C835942L,1
C117258L,1
C312751L,1
C743645L,1
C714124L,1
C172503L,1
C625105L,1
C431468L,1
C879247L,1
C960097L,1
C565012L,1
C332182L,1
C836769L,1
C805823L,1
C854425L,1
C684117L,1
C565719L,1
C160493L,1
C855457L,1
C805886L,1
C588150L,1
C218121L,1
C474548L,1
C656414L,1
C754752L,1
C422663L,1
C668740L,1
C896131L,1
C604713L,1
C217246L,1
C795421L,1
C794549L,1
C577176L,1
C211296L,1
C744990L,1
C864846L,1
C700241L,1
C417245L,1
C722375L,1
C454055L,1
